Time,Minutes,Position,Foresail,Staysail,Staysail2,Mainsail,Reef,Tank,Type,Auto,Comment
26-Mar-2026 20:34:20,, ,J2,,,Offshore Main,0,0,,No,J2 Up. Test sail uphill. Target angles
26-Mar-2026 20:45:06,10.8, ,J2,,,Offshore Main,0,0,,No,J2 up
28-Mar-2026 12:38:16,2393.2,50 47.2688n 001 14.8547w,J3,,,Offshore Main,0,0,,No,
28-Mar-2026 13:22:20,44.1,50 48.9857n 001 17.5013w,J3,,,Offshore Main,0,0,,No,tACKED CHECK BIAS ON TWD

28-Mar-2026 13:22:56,0.6,50 49.0109n 001 17.5070w,J3,,,Offshore Main,0,0,,No,TACKED BACK TO PORT CHECK TWD BIAS
28-Mar-2026 13:53:00,30.1,50 46.5230n 001 19.8260w,J3,,,Offshore Main,0,0,,No,
28-Mar-2026 13:53:07,0.1,50 46.5105n 001 19.8375w,J4,,,Offshore Main,1,0,,No,CAHNGE TO J4 OFFSHOIRE MAIN. BREEZE LIGHTYER

28-Mar-2026 14:10:39,17.5,50 46.1241n 001 19.1758w,J4,,,Offshore Main,1,0,,No,eND OF SESSION
28-Mar-2026 15:26:52,76.2,50 45.2884n 001 17.4965w,,,,,,,SART,Yes,MOB ACTIVE 972777046MOB ACTIVE
29-Mar-2026 10:16:15,1129.4,50 45.4148n 001 21.3891w,S2,,,Offshore Main,0,0,,No,THIS RUN WAS s2. lOOJKS GOOD
29-Mar-2026 10:30:02,13.8,50 46.0870n 001 20.6397w,S4,,,Offshore Main,0,0,,No,S4 MASTHEAD LOOKS GOOD. DONT FRAC
29-Mar-2026 11:06:52,36.8,50 47.3810n 001 18.2430w,,,,Offshore Main,0,0,,No,CODE ZERO WAS THE PRECEEDING RUN
03-Apr-2026 10:05:43,7138.9,50 46.3748n 001 18.7216w,J3,,,Offshore Main,1,0,,No,
03-Apr-2026 12:25:59,140.3,50 43.0643n 001 31.7726w,J3,,,Offshore Main,1,0,,No,i nstrument bias shown in short takcs looks like10 deg swing

03-Apr-2026 12:27:45,1.8,50 42.8722n 001 31.8835w,J3,,,Offshore Main,0,0,,No,JIB HALYARD FAILURE
03-Apr-2026 13:28:14,60.5,50 36.7325n 001 34.0890w,J3,,,Offshore Main,2,0,,No,2ND REEF PUT IN
03-Apr-2026 14:34:13,66.0,50 05.3249n 001 37.0250w,J3,,,Offshore Main,2,0,,No,after needles 2nd reef putin main
04-Apr-2026 20:59:31,1825.3,49 38.7480n 001 37.1970w,,,,,,,Other,Yes,AIS Target CPA Warning: MMSI	205040100
CPA	0.06nm in 30s
Bearing	191°
Range	0.06nm
Fix	04-Apr-2026 20:59:31
Lat	49 38.6915n
Lon	001 37.2153w
COG	070
SOG	0.19
04-Apr-2026 21:00:26,0.9,49 38.7480n 001 37.1970w,,,,,,,Other,Yes,AIS Target CPA Warning: T???????
MMSI	265710370
CPA	0.03nm in 03m 00s
Bearing	286°
Range	0.03nm
Fix	04-Apr-2026 21:00:26
Lat	49 38.7562n
Lon	001 37.2396w
COG	183
SOG	0.00
05-Apr-2026 09:50:51,770.4,49 38.7544n 001 37.1938w,,,,,,,Other,Yes,AIS Target CPA Warning: MMSI	226265000
Status	Under way engine
CPA	0.03nm in 09m 21s
Target	Passes ahead
Bearing	322°
Range	3.04nm
Fix	05-Apr-2026 10:50:50
Lat	49 41.1629n
Lon	001 40.0497w
HDG	143
COG	141
SOG	19.38
05-Apr-2026 09:51:15,0.4,49 38.7544n 001 37.1930w,,,,,,,Other,Yes,AIS Target CPA Warning: MMSI	227280790
CPA	0.04nm in 03m 07s
Target	Passes ahead
Bearing	177°
Range	0.27nm
Fix	05-Apr-2026 10:51:14
Lat	49 38.4804n
Lon	001 37.1796w
COG	350
SOG	5.29
05-Apr-2026 10:33:51,42.6,49 40.1087n 001 37.4774w,,,,,,,Other,Yes,Auto mark advance to JOG Cherbourg finish
05-Apr-2026 11:13:03,39.2,49 40.3225n 001 38.8447w,,,,,,,Other,Yes,Auto mark advance to Bembridge Finish
05-Apr-2026 13:32:44,139.7,49 57.2068n 001 19.7587w,J3,,,Offshore Main,0,0,,No,ZERO HOIST TART
05-Apr-2026 14:10:18,37.6,50 01.8506n 001 14.9378w,J3,,,Offshore Main,0,0,,No,ZERO DOWN TOO LOW
05-Apr-2026 14:27:17,17.0,50 04.1861n 001 13.6381w,J3,,,Offshore Main,0,0,,No,BA CK ON J2 HIGHGER ANGLEN  HAPOOPY HELM
05-Apr-2026 16:36:04,128.8,50 21.3225n 001 08.9067w,J3,,,Offshore Main,0,0,,No,GOOD SURF ANGLE FULL MAIN J3. pOLARSW V AQMBITIOUS
05-Apr-2026 17:09:19,33.2,50 25.4821n 001 08.7984w,,,,,,,Other,Yes,AIS Target CPA Warning: MMSI	636013073
Status	Under way engine
CPA	0.30nm in 12m 00s
Target	Passes ahead
Bearing	321°
Range	1.07nm
Fix	05-Apr-2026 18:09:18
Lat	50 26.3255n
Lon	001 09.8323w
HDG	045
COG	037
SOG	9.89
05-Apr-2026 17:09:25,0.1,50 25.4968n 001 08.7900w,,,,,,,Other,Yes,AIS Target CPA Warning: MMSI	232058492
CPA	0.47nm in 14m 08s
Target	Passes astern
Bearing	176°
Range	0.92nm
Fix	05-Apr-2026 18:09:16
Lat	50 24.5798n
Lon	001 08.7230w
COG	002
SOG	7.89
05-Apr-2026 18:02:35,53.2,50 31.6975n 001 06.8177w,J3,,,Offshore Main,0,0,,No,A4 BLEW UP TACK LIN E. PORT GUY NOW RIGGED. ANGLE WAS OKAY AS WAS. COMMS LOOP HAD MAin telling kite trimmer when to ease. driver focussed on driving onlky.
05-Apr-2026 18:03:25,0.8,50 31.8010n 001 06.7907w,J3,,,Offshore Main,0,0,,No,Now on Full main J3. Bit soaky and slow. Going safe to the finish
05-Apr-2026 19:24:33,81.1,50 41.0567n 001 02.7778w,,,,,,,Other,Yes,Auto mark advance to 3U Gurnard
05-Apr-2026 21:03:51,99.3,50 45.3841n 001 12.2628w,J3,,,Offshore Main,0,0,,No,Finished at 2025 Frnech time
05-Apr-2026 21:04:09,0.3,50 45.3895n 001 12.2920w,J3,,,Offshore Main,0,0,,No,Cracking weekend!
15-Apr-2026 20:01:47,14337.6,50 46.2083n 001 18.7039w,,,,,,,Other,Yes,Auto mark advance to Needles Wreck
18-Apr-2026 10:35:22,3753.6, ,J2,,,Inshore Main,0,0,,No,Race 1 start. USING S2 FIRST RACE
18-Apr-2026 11:33:41,58.3, ,J2,,,Inshore Main,0,0,,No,R1 FINISH
18-Apr-2026 11:37:07,3.4,50 48.0049n 001 14.2190w,J2,,,,0,0,,No,inbetween races. usinmg inshore main and j2 and sheevra S2. 
18-Apr-2026 11:38:02,0.9,50 48.0903n 001 14.1441w,J2,,,Inshore Main,0,0,,No,second race same conditions and same sails
18-Apr-2026 13:07:59,89.9,50 48.0094n 001 13.8180w,J2,,,Inshore Main,0,0,,No,Race 2 was inshore main and J2, S2 again. Few more fuck ups on bow. More shifty. 
18-Apr-2026 14:57:13,109.2,50 48.1648n 001 13.8146w,,,,,,,Line port,No,Port ping
18-Apr-2026 14:57:39,0.4,50 48.2012n 001 13.8520w,,,,,0,0,,No,sailing with J2 inshore main and S2 again. Unlikely but zero rigger
18-Apr-2026 15:22:18,24.7,50 47.2289n 001 15.7582w,,,,,,,Other,Yes,Auto mark advance to 47 Contessa 32 Class
18-Apr-2026 15:31:39,9.4,50 47.6190n 001 15.3399w,,,,,,,Other,Yes,Auto mark advance to 4F Royal Thames
18-Apr-2026 15:48:19,16.7,50 47.1949n 001 16.8441w,,,,,,,Other,Yes,Auto mark advance to 4Q John Fisher 
18-Apr-2026 16:03:43,15.4,50 48.3613n 001 15.7323w,,,,,,,Other,Yes,Auto mark advance to 40 Haven Knox Johnston Specialist
18-Apr-2026 18:06:13,122.5, ,J3,,,,0,0,,No,Race 4 start @15:00 . J2, Inshore, Back on the S2. Considered zero for the reach
19-Apr-2026 08:54:50,888.6,50 45.3647n 001 17.4954w,J2,,,Inshore Main,0,0,,No,FIRST RACE WILL BE LIKELY S2 J2 INSHOR MAIN. NORTHERLY AND LIGHTRER THAN YESTERDAY
19-Apr-2026 09:29:53,35.1,50 47.5018n 001 15.3952w,J2,,,Inshore Main,0,0,,No,tRAINING BEAT IN THE LIGHT WIND
19-Apr-2026 10:14:00,44.1,50 47.4860n 001 15.1513w,,,,,,,Line starboard,No,Starboard ping
19-Apr-2026 10:16:16,2.3,50 47.5128n 001 15.3859w,,,,,,,Line port,No,Port ping
19-Apr-2026 10:35:24,19.1,50 47.5077n 001 15.2728w,,,,,,,Gun,Yes,-1.86 below line; 102.5%
19-Apr-2026 10:51:18,15.9,50 48.7288n 001 14.9246w,,,,,,,Other,Yes,Auto mark advance to L
19-Apr-2026 11:03:31,12.2,50 47.6879n 001 15.2117w,,,,,,,Other,Yes,Auto mark advance to W
19-Apr-2026 11:34:50,31.3,50 47.1275n 001 14.7396w,J2,,,Inshore Main,0,0,,No,END POF RACE 1. POLE BLEW UP AT START OF SECOND RUN. VHANGE TO A2 THEN. VERY SHIFTY ON THE BEATS.
19-Apr-2026 11:52:10,17.3,50 47.5762n 001 15.4394w,,,,,,,Line port,No,Port ping
19-Apr-2026 12:00:21,8.2,50 47.5052n 001 15.2279w,,,,,,,Gun,Yes,0.54 below line; 58.3%
19-Apr-2026 12:41:48,41.4,50 46.5419n 001 15.6667w,,,,,,,Other,Yes,Auto mark advance to 4V Hamble Yacht Services
19-Apr-2026 13:08:37,26.8,50 48.0574n 001 14.7471w,,,,,,,Other,Yes,Auto mark advance to 4N Ben F Wood
19-Apr-2026 13:17:35,9.0,50 47.3566n 001 15.8224w,,,,,,,Other,Yes,Auto mark advance to 4Q John Fisher
19-Apr-2026 13:34:34,17.0,50 48.3742n 001 15.7982w,,,,,,,Other,Yes,Auto mark advance to 4M Hill Head
19-Apr-2026 13:39:36,5.0,50 48.1629n 001 16.0565w,,,,,,,Other,Yes,Auto mark advance to 4S Royal Southern
19-Apr-2026 13:55:19,15.7,50 48.8497n 001 15.8164w,J2,,,Inshore Main,0,0,,No,RACE 2 FINISH USED J2 A2 
19-Apr-2026 14:01:33,6.2,50 48.5547n 001 16.8430w,J2,,,Inshore Main,0,0,,No,
19-Apr-2026 14:01:49,0.3,50 48.5352n 001 16.8724w,A3 (NJ A2),,,Inshore Main,0,0,,No,NJ A2 UP! TRYING IT AS AN A3
19-Apr-2026 14:43:31,41.7,50 45.4554n 001 17.4882w,A3 (NJ A2),,,Inshore Main,0,0,,No,NJ OLD A2. DROPPED AND MOTORED ACROSS CHANNEL. NEEDED TO BE FRACTIONAL
25-Apr-2026 09:26:00,8322.5,50 46.9823n 001 18.0467w,A2,,,Inshore Main,0,0,,No,4 races today starting inshore main a2 j2. no polke so asym all day
25-Apr-2026 09:55:20,29.3,50 47.9797n 001 16.2711w,A2,,,Inshore Main,0,0,,No,practice beat. not all pll on rail
25-Apr-2026 10:08:39,13.3,50 47.6430n 001 15.3370w,A2,,,Inshore Main,0,0,,No,
25-Apr-2026 10:31:08,22.5,50 48.7207n 001 15.9220w,,,,,,,Line starboard,No,Starboard ping
25-Apr-2026 10:33:12,2.1,50 48.8320n 001 15.6995w,,,,,,,Line port,No,Port ping
25-Apr-2026 10:49:35,16.4,50 48.0732n 001 14.5153w,,,,,,,Other,Yes,Auto mark advance to L
25-Apr-2026 11:03:30,13.9,50 48.6833n 001 15.5768w,,,,,,,Other,Yes,Auto mark advance to W
25-Apr-2026 11:28:43,25.2,50 48.7404n 001 16.0122w,A2,,,Inshore Main,0,0,,No,END OF RACE 1 SLOW GYBEWS DURING THE RACE. BETTER SPEED BUIULDS

25-Apr-2026 11:55:16,26.6,50 48.7546n 001 15.8861w,,,,,,,Gun,Yes,1.87 below line; 90.1%
25-Apr-2026 12:10:21,15.1,50 48.0158n 001 14.5401w,,,,,,,Other,Yes,Auto mark advance to L1
25-Apr-2026 12:21:53,11.5,50 48.6266n 001 15.5939w,,,,,,,Other,Yes,Auto mark advance to W1
25-Apr-2026 12:44:37,22.7,50 48.6755n 001 15.5546w,,,,,,,Other,Yes,Auto mark advance to S
25-Apr-2026 12:52:36,8.0,50 48.5665n 001 16.3377w,A2,,,Inshore Main,0,0,,No,END OF RACE 2. 1 BAD HOIST / EARLY GYBE COMBO. GYBES STILL SLOW. WRONG SIDE OFTHE BEAT A COOUPLE OF TIMES TOO.
25-Apr-2026 13:05:09,12.5,50 48.8323n 001 15.7013w,,,,,,,Line port,No,Port ping
25-Apr-2026 13:07:01,1.9,50 48.9209n 001 15.6739w,,,,,,,Other,Yes,Auto mark advance to L
25-Apr-2026 13:09:21,2.3,50 48.8393n 001 15.9419w,,,,,,,Other,Yes,Auto mark advance to W
25-Apr-2026 13:09:23,0.0,50 48.8372n 001 15.9451w,,,,,,,Other,Yes,Auto mark advance to S
25-Apr-2026 13:15:13,5.8,50 48.8000n 001 15.7622w,,,,,,,Gun,Yes,-0.80 below line; 53.0%
25-Apr-2026 13:32:48,17.6,50 47.8432n 001 14.2790w,,,,,,,Other,Yes,Auto mark advance to S
25-Apr-2026 13:59:58,27.2,50 48.0343n 001 14.5911w,,,,,,,Other,Yes,Auto mark advance to S
25-Apr-2026 14:14:57,15.0,50 48.7421n 001 16.0950w,A2,,,Inshore Main,0,0,,No,END RACE 23. THOUGHT OCS BUT NOT. BAD LAYLINES BREYN. BAD DROP
25-Apr-2026 14:17:53,2.9,50 48.5695n 001 16.3056w,,,,,,,Other,Yes,Auto mark advance to W
25-Apr-2026 14:26:48,8.9,50 48.6967n 001 15.8976w,,,,,,,Other,Yes,Auto mark advance to 4W Ancasta
25-Apr-2026 14:26:51,0.1,50 48.6988n 001 15.8915w,,,,,,,Other,Yes,Auto mark advance to 4V Hamble Yacht Services
25-Apr-2026 14:29:03,2.2,50 48.8272n 001 15.7118w,,,,,,,Line port,No,Port ping
25-Apr-2026 14:30:03,1.0,50 48.8915n 001 15.7420w,,,,,,,Other,Yes,Auto mark advance to 4Q John Fisher
25-Apr-2026 14:33:11,3.1,50 48.7334n 001 16.0588w,,,,,,,Other,Yes,Auto mark advance to 41 East Bramble
25-Apr-2026 14:35:13,2.0,50 48.8135n 001 15.7527w,,,,,,,Gun,Yes,0.65 below line; 93.8%
25-Apr-2026 14:51:36,16.4,50 47.3264n 001 14.5839w,,,,,,,Other,Yes,Auto mark advance to 4M Hill Head
25-Apr-2026 14:54:49,3.2,50 47.7071n 001 14.5597w,,,,,,,Other,Yes,Auto mark advance to 4M Hill Head
25-Apr-2026 14:54:51,0.0,50 47.7113n 001 14.5601w,,,,,,,Other,Yes,Auto mark advance to 4M Hill Head
25-Apr-2026 14:58:25,3.6,50 48.1318n 001 14.6379w,,,,,,,Other,Yes,Auto mark advance to 4Q John Fisher
25-Apr-2026 15:08:02,9.6,50 48.4545n 001 15.7148w,,,,,,,Other,Yes,Auto mark advance to 41 East Bramble
25-Apr-2026 15:31:36,23.6,50 47.2257n 001 13.6361w,,,,,,,Other,Yes,Auto mark advance to 4M Hill Head
25-Apr-2026 15:54:43,23.1,50 48.0584n 001 16.0379w,,,,,,,Other,Yes,Auto mark advance to 4J hamblewinterseries.com
25-Apr-2026 16:05:42,11.0,50 48.7024n 001 16.8023w,A2,,,Inshore Main,0,0,,No,END OF RACING. MOTORING HOME
26-Apr-2026 09:54:34,1068.9,50 48.6863n 001 15.8918w,,,,,,,Line starboard,No,Starboard ping
26-Apr-2026 10:15:14,20.7,50 48.7956n 001 15.7921w,,,,,,,Line port,No,Port ping
26-Apr-2026 10:15:22,0.1,50 48.8011n 001 15.7771w,,,,,,,Line port,No,Port ping
26-Apr-2026 10:15:35,0.2,50 48.8088n 001 15.7448w,,,,,,,Line port,No,Port ping
26-Apr-2026 10:15:48,0.2,50 48.8072n 001 15.7187w,,,,,,,Line port,No,Port ping
26-Apr-2026 10:22:16,6.5,50 48.4531n 001 16.2428w,,,,,,,Other,Yes,Auto mark advance to L
26-Apr-2026 10:23:43,1.5,50 48.5755n 001 16.1410w,,,,,,,Other,Yes,Auto mark advance to L
26-Apr-2026 10:23:52,0.1,50 48.5891n 001 16.1339w,,,,,,,Other,Yes,Auto mark advance to L
26-Apr-2026 10:25:53,2.0,50 48.7458n 001 15.9556w,,,,,,,Other,Yes,Auto mark advance to W
26-Apr-2026 10:32:02,6.1,50 48.4246n 001 16.1775w,,,,,,,Other,Yes,Auto mark advance to L
26-Apr-2026 10:35:13,3.2,50 48.6935n 001 15.8859w,,,,,,,Gun,Yes,-0.20 below line; 75.3%
26-Apr-2026 10:37:06,1.9,50 48.6861n 001 15.6191w,,,,,,,Other,Yes,Auto mark advance to W2
26-Apr-2026 10:54:56,17.8,50 48.1201n 001 14.3297w,,,,,,,Other,Yes,Auto mark advance to S
26-Apr-2026 11:18:19,23.4,50 48.0842n 001 14.5249w,,,,,,,Other,Yes,Auto mark advance to S
26-Apr-2026 11:20:17,2.0,50 48.2123n 001 14.8202w,,,,,,,Other,Yes,Auto mark advance to S
26-Apr-2026 11:20:19,0.0,50 48.2128n 001 14.8258w,,,,,,,Other,Yes,Auto mark advance to S
26-Apr-2026 11:31:47,11.5,50 48.6007n 001 16.5119w,A2,,,Inshore Main,0,0,,No,j2 a2. doing fewer manouvers. slow corners

26-Apr-2026 11:45:16,13.5,50 48.7174n 001 15.9776w,,,,,,,Other,Yes,Auto mark advance to 41 East Bramble
26-Apr-2026 11:50:07,4.8,50 48.3127n 001 16.1839w,,,,,,,Other,Yes,Auto mark advance to 4V Hamble Yacht Services
26-Apr-2026 11:55:14,5.1,50 48.7421n 001 15.8226w,,,,,,,Gun,Yes,0.19 below line; 97.8%
26-Apr-2026 11:59:26,4.2,50 48.6551n 001 15.2675w,,,,,,,Other,Yes,Auto mark advance to 41 East Bramble
26-Apr-2026 11:59:27,0.0,50 48.6550n 001 15.2651w,,,,,,,Other,Yes,Auto mark advance to 41 East Bramble
26-Apr-2026 11:59:31,0.1,50 48.6549n 001 15.2527w,,,,,,,Other,Yes,Auto mark advance to 41 East Bramble
26-Apr-2026 12:19:55,20.4,50 47.2333n 001 13.6455w,,,,,,,Other,Yes,Auto mark advance to 4V Hamble Yacht Services
26-Apr-2026 12:29:24,9.5,50 48.1402n 001 14.6407w,,,,,,,Other,Yes,Auto mark advance to 46 North East Ryde Middle
26-Apr-2026 13:00:05,30.7,50 46.2134n 001 11.8880w,,,,,,,Other,Yes,Auto mark advance to 44 Royal Yacht Squadron
26-Apr-2026 13:08:06,8.0,50 47.3133n 001 12.0970w,,,,,,,Other,Yes,Auto mark advance to 41 East Bramble
26-Apr-2026 13:16:25,8.3,50 47.2304n 001 13.6428w,,,,,,,Other,Yes,Auto mark advance to 4J hamblewinterseries.com
26-Apr-2026 13:44:51,28.4,50 48.1009n 001 17.0096w,A2,,,Inshore Main,0,0,,No,END OF RACE 3. USED J3 AND A2. FELT BETTER. SOME GOOD VMG
26-Apr-2026 19:35:12,350.3,50 47.9644n 001 14.2181w,,,,,,,Other,Yes,Auto mark advance to 4J hamblewinterseries.com
01-May-2026 18:20:04,7124.9,50 46.1341n 001 18.4548w,,,,,,,Other,Yes,Auto mark advance to 6F Bembridge Ledge Buoy
01-May-2026 18:20:06,0.0,50 46.1334n 001 18.4559w,,,,,,,Other,Yes,Auto mark advance to St. Vaast Finish
01-May-2026 18:35:39,15.6,50 46.2200n 001 18.8400w,,,,,,,Line port,No,
01-May-2026 18:36:00,0.4,50 46.0918n 001 18.6976w,,,,,,,Line starboard,No,Popup starboard
01-May-2026 18:36:05,0.1,50 46.2196n 001 18.8404w,,,,,,,Line port,No,Popup port
01-May-2026 19:51:01,74.9,50 45.3797n 001 10.5180w,A2,,,,0,0,,No,offshore
01-May-2026 19:57:41,6.7,50 45.1249n 001 09.1089w,A2,,,,0,0,,No,note this is a2. very tight!
01-May-2026 20:34:03,36.4,50 42.5398n 001 03.6992w,,,,,,,Other,Yes,Auto mark advance to 6F Bembridge Ledge Buoy
01-May-2026 20:49:32,15.5,50 41.1602n 001 02.7579w,,,,,,,Other,Yes,Auto mark advance to St. Vaast Finish
01-May-2026 21:14:20,24.8,50 38.7293n 001 00.5668w,J2,,,,0,0,,No, comp
01-May-2026 22:03:44,49.4,50 34.1748n 000 57.0534w,J2,,,,0,0,,No,enter watches. jm and am on
01-May-2026 23:49:37,105.9,50 23.8078n 000 51.6440w,J2,,,,0,0,,No,JUST HAD SLOW PATCH. CAME UP A BIT ND STOPPED
02-May-2026 00:12:11,22.6,50 21.7280n 000 51.7243w,J2,,,,0,0,,No,WATCH CHANGE KIERAN AND LULU ON
02-May-2026 02:27:46,135.6,50 08.6075n 000 58.5786w,A2,,,,0,0,,No,reset compass to matchcog

02-May-2026 04:49:14,141.5,49 56.3347n 001 10.4721w,J2,,,,0,0,,No,had zero up before this point. now j2
02-May-2026 05:04:17,15.0,49 55.5722n 001 11.5252w,J2,,,,0,0,,No,engine off 12.8V shown 30m charging
02-May-2026 05:41:26,37.2,49 54.7911n 001 12.9328w,J2,,,,0,0,,No,tack
02-May-2026 07:29:07,107.7,49 45.0375n 001 11.0516w,J2,,,,0,0,,No,going to try and set the zero sooin
02-May-2026 07:37:22,8.2,49 43.9754n 001 10.7404w,MH0,,,,0,0,,No,
02-May-2026 08:01:19,24.0,49 40.2879n 001 11.1103w,J2,,,,0,0,,No,
02-May-2026 08:45:05,43.8,49 35.0637n 001 13.3345w,A2,,,,0,0,,No,
02-May-2026 08:53:18,8.2,49 34.3407n 001 13.8967w,J2,,,,0,0,,No,finished with a2 up 085245
03-May-2026 09:30:37,1477.3,49 35.2610n 001 15.8330w,,,,,,,Other,Yes,Auto mark advance to Bembridge Finish
03-May-2026 11:08:08,97.5,49 34.7180n 001 14.6940w,,,,,,,Other,Yes,Auto mark advance to St. Vaast Finish
03-May-2026 11:15:19,7.2,49 34.4794n 001 13.7686w,,,,,,,Other,Yes,Auto mark advance to 3U Gurnard
03-May-2026 12:03:00,47.7,49 39.2590n 001 11.7710w,,,,,,,Other,Yes,Auto mark advance to Bembridge Finish
03-May-2026 12:03:13,0.2,49 39.2906n 001 11.7707w,,,,,,,Other,Yes,Auto mark advance to Bembridge Finish
03-May-2026 21:40:49,577.6,50 35.0230n 001 05.8530w,MH0,,,,0,0,,No,Crusing zero new polar
03-May-2026 22:16:53,36.1,50 38.8370n 001 03.8580w,,,,,0,0,,No,motoring
03-May-2026 22:37:19,20.4,50 41.1902n 001 02.8125w,,,,,,,Other,Yes,Auto mark advance to 3U Gurnard
09-May-2026 09:50:37,7873.3,50 46.8582n 001 16.6839w,J2,,,Inshore Main,0,0,,No,LIKELY J2 A2 ISNHORE MAIN ALL DAY AS LIGHT. RIG IN MORE BEND SETTING. STILL HARD
09-May-2026 10:34:05,43.5,50 48.6287n 001 15.9454w,,,,,,,Line port,No,Port ping
09-May-2026 10:34:17,0.2,50 48.6287n 001 15.9454w,,,,,,,Line starboard,No,Starboard ping
09-May-2026 10:35:57,1.7,50 48.5225n 001 15.9648w,,,,,,,Line starboard,No,Starboard ping
09-May-2026 10:43:57,8.0,50 48.2012n 001 16.0263w,,,,,,,Other,Yes,Auto mark advance to W
09-May-2026 10:45:29,1.5,50 48.2140n 001 15.9898w,,,,,,,Other,Yes,Auto mark advance to L
09-May-2026 10:47:36,2.1,50 48.2887n 001 15.9528w,J2,,,Inshore Main,0,0,,No,TRIAL SAIL START
09-May-2026 10:58:53,11.3,50 48.7574n 001 15.4351w,,,,,,,Other,Yes,Auto mark advance to Wi
09-May-2026 11:02:57,4.1,50 48.7853n 001 15.6435w,J2,,,Inshore Main,0,0,,No,INHAUL;ERS STUCK IN BOOM AGAIN. NO TRAINING YET
09-May-2026 11:04:25,1.5,50 48.8560n 001 15.4835w,,,,,,,Other,Yes,Auto mark advance to W
09-May-2026 11:04:37,0.2,50 48.8634n 001 15.4613w,J2,,,Inshore Main,0,0,,No,TRIANING START
09-May-2026 11:09:38,5.0,50 48.7181n 001 15.4295w,,,,,,,Other,Yes,Auto mark advance to S
09-May-2026 11:16:45,7.1,50 48.7746n 001 16.0388w,J2,,,Inshore Main,0,0,,No,kITE WAS UP DROPPIUNG NOW

09-May-2026 11:20:46,4.0,50 48.7905n 001 16.3155w,J2,,,Inshore Main,0,0,,No,R1 PRESXTART
09-May-2026 11:21:56,1.2,50 48.7089n 001 16.4174w,,,,,,,Line port,No,Port ping
09-May-2026 11:22:40,0.7,50 48.6421n 001 16.4386w,,,,,,,Line starboard,No,Starboard ping
09-May-2026 11:23:30,0.8,50 48.5581n 001 16.4683w,,,,,,,Line starboard,No,Starboard ping
09-May-2026 11:25:27,2.0,50 48.6118n 001 16.4585w,,,,,,,Gun,Yes,0.36 below line; 104.3%
09-May-2026 11:40:28,15.0,50 48.5512n 001 14.7245w,,,,,,,Other,Yes,Auto mark advance to L
09-May-2026 11:51:07,10.6,50 48.5641n 001 16.1968w,,,,,,,Other,Yes,Auto mark advance to W
09-May-2026 12:03:03,11.9,50 48.5527n 001 14.7163w,,,,,,,Other,Yes,Auto mark advance to S
09-May-2026 12:20:39,17.6,50 48.8048n 001 15.1291w,,,,,0,0,,No,END OF RACE 1]
09-May-2026 12:40:15,19.6,50 48.5664n 001 16.4525w,,,,,,,Line starboard,No,Starboard ping
09-May-2026 14:05:05,84.8,50 48.7298n 001 15.5378w,,,,,,,Line starboard,No,Starboard ping
09-May-2026 14:08:25,3.3,50 48.8055n 001 15.2801w,,,,,,,Line port,No,Port ping
09-May-2026 14:10:50,2.4,50 48.7775n 001 15.1490w,,,,,,,Other,Yes,Auto mark advance to L
09-May-2026 14:14:43,3.9,50 48.8342n 001 15.0191w,,,,,,,Other,Yes,Auto mark advance to L
09-May-2026 14:17:32,2.8,50 48.8050n 001 15.4468w,,,,,,,Other,Yes,Auto mark advance to W
09-May-2026 14:18:37,1.1,50 48.7705n 001 15.5447w,,,,,,,Other,Yes,Auto mark advance to L
09-May-2026 14:20:23,1.8,50 48.7876n 001 15.3778w,,,,,,,Gun,Yes,1.31 below line; 63.5%
09-May-2026 14:33:25,13.0,50 48.0068n 001 14.7601w,,,,,,,Other,Yes,Auto mark advance to L
09-May-2026 14:41:37,8.2,50 48.5966n 001 15.2924w,,,,,,,Other,Yes,Auto mark advance to S
09-May-2026 14:51:46,10.2,50 48.0056n 001 14.7631w,,,,,,,Other,Yes,Auto mark advance to L
09-May-2026 14:59:38,7.9,50 48.6434n 001 15.4065w,,,,,,,Other,Yes,Auto mark advance to S
09-May-2026 15:01:37,2.0,50 48.7646n 001 15.6238w,J2,,,Inshore Main,0,0,,No,TACKLINE OFF MORE IN  RUNS
09-May-2026 15:05:43,4.1,50 49.1444n 001 15.5298w,,,,,,,Other,Yes,Auto mark advance to W
09-May-2026 15:13:37,7.9,50 48.7264n 001 15.5639w,,,,,,,Line starboard,No,Starboard ping
09-May-2026 15:13:43,0.1,50 48.7258n 001 15.5654w,,,,,,,Other,Yes,Auto mark advance to W
09-May-2026 15:14:25,0.7,50 48.7200n 001 15.5297w,,,,,,,Other,Yes,Auto mark advance to L
09-May-2026 15:16:15,1.8,50 48.8456n 001 15.3746w,,,,,,,Other,Yes,Auto mark advance to W
09-May-2026 15:16:38,0.4,50 48.8485n 001 15.3280w,,,,,,,Line port,No,Port ping
09-May-2026 15:18:50,2.2,50 48.8747n 001 15.1219w,,,,,,,Other,Yes,Auto mark advance to L
09-May-2026 15:19:14,0.4,50 48.8811n 001 15.1778w,,,,,,,Other,Yes,Auto mark advance to S
09-May-2026 15:20:27,1.2,50 48.8980n 001 15.3599w,,,,,,,Other,Yes,Auto mark advance to L
09-May-2026 15:22:02,1.6,50 48.8157n 001 15.5490w,,,,,,,Other,Yes,Auto mark advance to 4M Hill Head
09-May-2026 15:25:43,3.7,50 48.6095n 001 15.9556w,,,,,,,Other,Yes,Auto mark advance to 4Q John Fisher
09-May-2026 15:26:12,0.5,50 48.6275n 001 15.9065w,,,,,,,Other,Yes,Auto mark advance to 41 East Bramble
09-May-2026 15:27:46,1.6,50 48.7117n 001 15.6974w,,,,,,,Other,Yes,Auto mark advance to 4M Hill Head
09-May-2026 15:28:01,0.3,50 48.7016n 001 15.7358w,,,,,,,Other,Yes,Auto mark advance to 4J hamblewinterseries.com
09-May-2026 15:30:19,2.3,50 48.8146n 001 15.4187w,,,,,,,Gun,Yes,1.48 below line; 84.7%
09-May-2026 15:32:47,2.5,50 48.6452n 001 15.3127w,,,,,,,Other,Yes,Auto mark advance to W
09-May-2026 15:43:28,10.7,50 47.9477n 001 14.7410w,,,,,,,Other,Yes,Auto mark advance to 4M Hill Head
09-May-2026 15:49:44,6.3,50 48.0607n 001 16.0231w,,,,,,,Other,Yes,Auto mark advance to 4Q John Fisher
09-May-2026 15:53:29,3.8,50 48.4583n 001 15.7172w,,,,,,,Other,Yes,Auto mark advance to 41 East Bramble
09-May-2026 16:39:11,45.7,50 47.2318n 001 13.6472w,,,,,,,Other,Yes,Auto mark advance to 4M Hill Head
09-May-2026 16:57:40,18.5,50 48.0660n 001 16.0039w,,,,,,,Other,Yes,Auto mark advance to 4J hamblewinterseries.com
09-May-2026 17:05:26,7.8,50 48.6245n 001 16.6779w,J2,,,Inshore Main,0,0,,No,SHIT RACE I DIDNT WANT TO BE NAV
09-May-2026 17:09:45,4.3,50 48.4268n 001 17.0234w,J2,,,Inshore Main,0,0,,No,MOTORING HOMNE NOW.
10-May-2026 10:27:00,1037.2,50 47.9649n 001 16.8224w,,,,,,,Line starboard,No,Starboard ping
10-May-2026 10:27:29,0.5,50 47.9971n 001 16.8522w,,,,,,,Other,Yes,Auto mark advance to L
10-May-2026 10:28:47,1.3,50 48.0661n 001 17.0489w,,,,,,,Line port,No,Port ping
10-May-2026 10:31:01,2.2,50 48.2112n 001 17.2294w,,,,,,,Other,Yes,Auto mark advance to L
10-May-2026 10:34:13,3.2,50 47.8736n 001 16.8761w,,,,,,,Other,Yes,Auto mark advance to W
10-May-2026 10:39:32,5.3,50 48.2000n 001 17.3416w,,,,,,,Other,Yes,Auto mark advance to S
10-May-2026 11:50:53,71.4,50 48.1024n 001 16.9847w,J3,,,Inshore Main,0,0,,No,appriox end of race 1
10-May-2026 11:53:46,2.9,50 48.0793n 001 17.0823w,,,,,,,Line port,No,Port ping
10-May-2026 13:04:28,70.7,50 48.0587n 001 16.9609w,J3,,,Inshore Main,0,0,,No,eend of race 2. no wind data
10-May-2026 13:12:34,8.1,50 48.1247n 001 16.9945w,,,,,,,Line port,No,Port ping
10-May-2026 13:20:13,7.6,50 48.1285n 001 17.1259w,,,,,,,Other,Yes,Auto mark advance to 3Y West Knoll
10-May-2026 13:21:00,0.8,50 48.0512n 001 17.1161w,,,,,,,Other,Yes,Auto mark advance to 3Y West Knoll
10-May-2026 13:21:02,0.0,50 48.0495n 001 17.1155w,,,,,,,Other,Yes,Auto mark advance to 3Y West Knoll
10-May-2026 13:22:03,1.0,50 47.9533n 001 17.0515w,,,,,,,Other,Yes,Auto mark advance to 4S Royal Southern
10-May-2026 13:22:07,0.1,50 47.9469n 001 17.0407w,,,,,,,Other,Yes,Auto mark advance to 4H East Knoll
10-May-2026 13:22:57,0.8,50 47.8730n 001 16.9559w,,,,,,,Other,Yes,Auto mark advance to 4Q John Fisher
10-May-2026 17:05:48,222.9,50 48.7028n 001 15.9152w,,,,,,,Other,Yes,Auto mark advance to W
22-May-2026 08:17:48,16752.0, ,,,,,,,SART,Yes,MOB ACTIVE 972601204MOB ACTIVE  
22-May-2026 08:52:46,35.0,50 48.8690n 001 15.4584w,,,,,,,Other,Yes,Auto mark advance to 6F Bembridge Ledge Buoy
22-May-2026 08:52:47,0.0,50 48.8680n 001 15.4601w,,,,,,,Other,Yes,Auto mark advance to Deauville Finish
22-May-2026 13:34:28,281.7,50 42.1392n 000 54.4007w,J2,,,,0,0,,No,into chop on port makes boat speed worse breeze filling in now upto 5knots
22-May-2026 14:54:33,80.1,50 37.9562n 000 47.0309w,MH0,,,,0,0,,No,put zero up - 80 highest true wind zat5 6-7knots
22-May-2026 14:58:14,3.7,50 37.6382n 000 46.7701w,MH0,,,,0,0,,No,zero up 80 twa max comfortable. bit floose luff
22-May-2026 15:08:48,10.6,50 36.7409n 000 46.3078w,J2,,,,0,0,,No,dropped zero
22-May-2026 16:37:32,88.7, ,MH0,,,Offshore Main,0,0,,No,
22-May-2026 17:05:15,27.7,50 26.7349n 000 41.2329w,J2,,,,0,0,,No,JUST DROPPED MH0
22-May-2026 21:42:36,277.3,49 59.2003n 000 47.1053w,J2,,,,0,0,,No,PLAYE D HANGMAN
23-May-2026 12:34:45,892.1,49 22.7550n 000 04.1437e,J2,,,,0,0,,No,a2 AT FINISH BIG SHUTDOWN BEFORE
24-May-2026 11:57:27,1402.7,50 06.4650n 000 39.7450w,MH0,,,,0,0,,No,HAVE BEEN MOTORING. NOW MH0
24-May-2026 11:58:03,0.6,50 06.5090n 000 39.8030w,MH0,,,Offshore Main,0,0,,No,MHO NOW. HAVE BEEN MOTORING
24-May-2026 12:34:55,36.9,50 08.4220n 000 42.9050w,A2,,,Offshore Main,0,0,,No,TESTING HOW HIGH WE CAN GET A2
24-May-2026 14:00:20,85.4,50 15.4233n 000 48.9427w,A2,,,Offshore Main,0,0,,No,TRYING TO GET AS HIGH AS POSS
24-May-2026 19:21:24,321.1,50 41.4940n 001 02.1580w,,,,,,,Other,Yes,Auto mark advance to 33 Prince Consort
26-Jun-2026 17:13:27,47392.1,50 45.6429n 001 17.6621w,,,,,,,Other,Yes,Auto mark advance to 1L Needles Lighthouse
26-Jun-2026 17:20:42,7.2,50 45.6427n 001 17.6628w,,,,,,,Other,Yes,Auto mark advance to Alderney Finish
26-Jun-2026 19:14:32,113.8,50 45.6441n 001 17.6134w,,,,,,,Other,Yes,Auto mark advance to 1L Needles Lighthouse
26-Jun-2026 19:14:44,0.2,50 45.6437n 001 17.6123w,,,,,,,Other,Yes,Auto mark advance to Alderney Finish
26-Jun-2026 19:29:24,14.7,50 46.2045n 001 18.8561w,,,,,,,Other,Yes,Auto mark advance to 1L Needles Lighthouse
26-Jun-2026 19:31:19,1.9,50 46.2343n 001 18.9937w,,,,,,,Other,Yes,Auto mark advance to 1L Needles Lighthouse
26-Jun-2026 19:35:29,4.2,50 46.2768n 001 19.2682w,,,,,,,Other,Yes,Auto mark advance to Needles Wreck
26-Jun-2026 19:35:37,0.1,50 46.2773n 001 19.2764w,,,,,,,Other,Yes,Auto mark advance to Needles Wreck
26-Jun-2026 19:41:23,5.8,50 46.2972n 001 19.7073w,,,,,,,Other,Yes,Auto mark advance to Needles Wreck
26-Jun-2026 19:41:44,0.4,50 46.2923n 001 19.7281w,,,,,,,Other,Yes,Auto mark advance to Alderney Finish
26-Jun-2026 19:43:33,1.8,50 46.1548n 001 19.6388w,,,,,,,Other,Yes,Auto mark advance to Needles Wreck
26-Jun-2026 19:44:55,1.4,50 46.0432n 001 19.5697w,,,,,,,Other,Yes,Auto mark advance to Alderney Finish
26-Jun-2026 19:51:03,6.1,50 46.1804n 001 18.5754w,,,,,,,Other,Yes,Auto mark advance to Needles Wreck
26-Jun-2026 19:52:49,1.8,50 46.2402n 001 18.8228w,,,,,,,Line starboard,No,Starboard ping
26-Jun-2026 19:53:09,0.3,50 46.2383n 001 18.8440w,,,,,,,Other,Yes,Auto mark advance to Alderney Finish
26-Jun-2026 19:55:11,2.0,50 46.0838n 001 18.7237w,,,,,,,Line port,No,Port ping
26-Jun-2026 19:55:53,0.7,50 46.1014n 001 18.7359w,,,,,,,Line port,No,Port ping
26-Jun-2026 20:11:37,15.7,50 46.0707n 001 18.7169w,,,,,,,Gun,Yes,-0.77 below line; 73.5%
26-Jun-2026 20:32:50,21.2,50 45.3664n 001 20.5226w,,,,,,,Other,Yes,Auto mark advance to Alderney Finish
26-Jun-2026 21:13:54,41.1,50 44.0224n 001 23.9650w,J2,,,Offshore Main,0,0,,No,alderney race short tacking out
26-Jun-2026 22:32:30,78.6,50 40.5788n 001 35.4389w,,,,,,,Other,Yes,Auto mark advance to Alderney Finish
26-Jun-2026 23:18:52,46.4,50 37.2517n 001 37.6981w,,,,,,,Gun,Yes,-2813.45 below line; 71.1%
27-Jun-2026 08:00:53,522.0,50 08.3358n 001 47.8536w,MH0,,,Offshore Main,0,0,,No,mh0 half furled at first to get moving. then full deploy. sheet to d ring
27-Jun-2026 10:32:28,151.6,50 03.8344n 001 51.7688w,MH0,,,Offshore Main,0,0,,No,
27-Jun-2026 13:33:30,181.0,49 46.7935n 002 09.0403w,A2,,,Offshore Main,0,0,,No,
27-Jun-2026 13:37:05,3.6,49 46.5611n 002 09.3024w,MH0,,,Offshore Main,0,0,,No,CHANGED BACK TO ZERO NO WIND
27-Jun-2026 14:37:55,60.8,49 43.5666n 002 11.5917w,MH0,,,Offshore Main,0,0,,No,fIN AT 14:29:25
28-Jun-2026 05:30:55,893.0,50 44.7195n 001 25.2855w,S2,,,Offshore Main,0,0,,No,s2 up. Waves at first. flat solent
28-Jun-2026 07:39:46,128.8,50 39.0633n 001 39.5921w,,,,Offshore Main,0,0,,No,s2 all the way in.
28-Jun-2026 07:56:05,16.3,50 39.8827n 001 35.7725w,,,,,,,Other,Yes,Auto mark advance to Mark3
28-Jun-2026 08:14:34,18.5,50 42.1635n 001 32.6885w,,,,,,,Other,Yes,Auto mark advance to Mark4
28-Jun-2026 10:50:57,156.4,50 46.2515n 001 18.8209w,,,,,,,Other,Yes,Auto mark advance to Mark5
01-Aug-2026 13:46:58,49136.0,50 47.0107n 001 18.6969w,,,,,,,Other,Yes,Auto mark advance to 26 Hamstead Ledge
01-Aug-2026 14:06:28,19.5,50 46.3242n 001 18.2081w,,,,,,,Other,Yes,Auto mark advance to 2R Powder Byrne
01-Aug-2026 14:09:51,3.4,50 46.4092n 001 18.0707w,,,,,,,Other,Yes,Auto mark advance to 2F Berthon
01-Aug-2026 14:58:46,48.9,50 43.9259n 001 26.2588w,,,,,,,Other,Yes,Auto mark advance to 2G Bridgeworks WAN Acceleration
01-Aug-2026 15:29:02,30.3,50 44.3185n 001 28.3066w,,,,,,,Other,Yes,Auto mark advance to 2U Tuakana Construction
01-Aug-2026 15:33:49,4.8,50 44.2114n 001 29.2208w,,,,,,,Other,Yes,Auto mark advance to 2H Draycott Chartered Surveyors
01-Aug-2026 15:34:51,1.0,50 44.3146n 001 29.1940w,,,,,,,Other,Yes,Auto mark advance to 30 RORC
01-Aug-2026 15:41:56,7.1,50 44.7985n 001 28.4732w,,,,,,,Other,Yes,Auto mark advance to RYS FLAGSTAFF
01-Aug-2026 15:52:29,10.6,50 43.6549n 001 29.5673w,,,,,,,Other,Yes,Auto mark advance to 26 Hamstead Ledge
01-Aug-2026 15:54:31,2.0,50 43.8715n 001 29.4560w,,,,,,,Other,Yes,Auto mark advance to 2R Powder Byrne
01-Aug-2026 15:56:29,2.0,50 44.1086n 001 29.3770w,,,,,,,Other,Yes,Auto mark advance to 2H Draycott Chartered Surveyors
01-Aug-2026 17:14:30,78.0,50 47.1345n 001 17.7178w,,,,,,,Other,Yes,Auto mark advance to RYS FLAGSTAFF
01-Aug-2026 17:25:06,10.6,50 46.2331n 001 17.7405w,J2,,,Offshore Main,0,0,,No,END OF DAYS RACE. WERE OCS. NEED S2, PAINFUL RUN WITH A2. TACK OFF 2 FT J2 ALL DAY.
01-Aug-2026 17:35:53,10.8,50 45.6484n 001 17.6388w,,,,,,,Other,Yes,Auto mark advance to 26 Hamstead Ledge
02-Aug-2026 10:30:17,1014.4,50 46.3931n 001 14.3456w,,,,,,,Line port,No,Popup port
02-Aug-2026 10:30:21,0.1,50 46.2365n 001 14.4003w,,,,,,,Line starboard,No,Popup starboard
02-Aug-2026 11:19:32,49.2,50 46.2000n 001 14.5409w,,,,,,,Line starboard,No,Starboard ping
02-Aug-2026 11:22:30,3.0,50 46.3892n 001 14.4351w,,,,,,,Line port,No,Port ping
02-Aug-2026 11:28:14,5.7,50 46.1911n 001 14.7896w,J2,,,,0,0,,No,j2 s2 all day hopefully. rig on 5-10 setting
02-Aug-2026 11:30:43,2.5,50 46.0448n 001 14.7111w,,,,,,,Other,Yes,Auto mark advance to 8X
02-Aug-2026 11:40:25,9.7,50 46.4754n 001 14.5064w,,,,,,,Other,Yes,Auto mark advance to 5C Browndown
02-Aug-2026 11:42:36,2.2,50 46.3764n 001 14.4746w,,,,,,,Gun,Yes,3.23 below line; 59.5%
02-Aug-2026 12:31:58,49.4,50 45.3314n 001 08.2253w,,,,,,,Other,Yes,Auto mark advance to 8X
02-Aug-2026 13:09:56,38.0,50 47.4396n 001 12.7794w,,,,,,,Other,Yes,Auto mark advance to 5C Browndown
02-Aug-2026 13:10:26,0.5,50 47.4401n 001 12.7511w,,,,,,,Other,Yes,Auto mark advance to 8X
02-Aug-2026 13:10:44,0.3,50 47.4272n 001 12.7681w,,,,,,,Other,Yes,Auto mark advance to 5C Browndown
02-Aug-2026 13:30:22,19.6,50 46.8197n 001 11.6104w,A2,,,Inshore Main,0,0,,No,
02-Aug-2026 13:30:25,0.0,50 46.8167n 001 11.6128w,,,,,,,Other,Yes,Auto mark advance to GAMMA - BREAKWATER FINISH
02-Aug-2026 13:44:49,14.4,50 46.8047n 001 11.2741w,,,,,,,Other,Yes,Auto mark advance to GAMMA - BREAKWATER FINISH
02-Aug-2026 13:44:53,0.1,50 46.8097n 001 11.2787w,,,,,,,Other,Yes,Auto mark advance to GAMMA - BREAKWATER FINISH
02-Aug-2026 13:46:03,1.2,50 46.8961n 001 11.3616w,A2,,,Inshore Main,0,0,,No,
02-Aug-2026 14:54:31,68.5,50 46.3064n 001 17.3066w,,,,,,,Other,Yes,Auto mark advance to ALPHA - RYS ODM
02-Aug-2026 15:01:15,6.7,50 46.0977n 001 18.3612w,J2,,,,0,0,,No,end of racing. Lighter with a2 in final run
03-Aug-2026 10:18:53,1157.6,50 46.0540n 001 18.0741w,,,,,,,Line starboard,No,Starboard ping
03-Aug-2026 10:23:46,4.9,50 46.3183n 001 18.1781w,,,,,,,Line port,No,Port ping
03-Aug-2026 10:31:48,8.0,50 46.4322n 001 18.2987w,,,,,,,Other,Yes,Auto mark advance to S
03-Aug-2026 10:36:46,5.0,50 46.0540n 001 18.0741w,,,,,,,Line starboard,No,
03-Aug-2026 10:37:11,0.4,50 46.3183n 001 18.1781w,,,,,,,Line port,No,
03-Aug-2026 10:45:50,8.7,50 46.2647n 001 19.6396w,,,,,,,Other,Yes,Auto mark advance to 44 Royal Yacht Squadron
03-Aug-2026 10:57:45,11.9,50 46.1554n 001 18.6784w,,,,,,,Other,Yes,Auto mark advance to 44 Royal Yacht Squadron
03-Aug-2026 11:05:42,7.9,50 46.2907n 001 18.4018w,,,,,,,Other,Yes,Auto mark advance to 5B Mother Bank
03-Aug-2026 11:07:55,2.2,50 46.2665n 001 18.4457w,,,,,,,Other,Yes,Auto mark advance to 41 East Bramble
03-Aug-2026 11:09:54,2.0,50 46.4153n 001 18.3369w,,,,,,,Other,Yes,Auto mark advance to 5B Mother Bank
03-Aug-2026 11:12:24,2.5,50 46.2001n 001 18.2333w,,,,,,,Other,Yes,Auto mark advance to 4W Ancasta
03-Aug-2026 11:12:35,0.2,50 46.2151n 001 18.2061w,,,,,,,Gun,Yes,7.52 below line; 86.0%
03-Aug-2026 11:30:20,17.8,50 46.0408n 001 14.9587w,,,,,,,Other,Yes,Auto mark advance to 5B Mother Bank
03-Aug-2026 11:30:21,0.0,50 46.0387n 001 14.9567w,,,,,,,Other,Yes,Auto mark advance to 5B Mother Bank
03-Aug-2026 12:07:54,37.6,50 45.3282n 001 08.2187w,,,,,,,Other,Yes,Auto mark advance to 44 Royal Yacht Squadron
03-Aug-2026 12:43:34,35.7,50 47.3152n 001 12.1083w,,,,,,,Other,Yes,Auto mark advance to 5B Mother Bank
03-Aug-2026 13:05:06,21.5,50 45.4804n 001 11.2094w,,,,,,,Other,Yes,Auto mark advance to 41 East Bramble
03-Aug-2026 13:28:40,23.6,50 47.2375n 001 13.6415w,,,,,,,Other,Yes,Auto mark advance to 5B Mother Bank
03-Aug-2026 14:05:40,37.0,50 45.4834n 001 11.2084w,,,,,,,Other,Yes,Auto mark advance to 4W Ancasta
03-Aug-2026 14:40:12,34.5,50 47.2746n 001 15.2228w,A3 (NJ A2),,,,0,0,,No,ole
03-Aug-2026 14:56:24,16.2,50 46.2936n 001 17.7306w,A3 (NJ A2),,,Inshore Main,0,0,,No,end of a3 training session
04-Aug-2026 11:23:24,1227.0,50 46.0996n 001 22.5519w,,,,,,,Line starboard,No,Starboard ping
04-Aug-2026 11:23:51,0.5,50 46.0943n 001 22.5864w,,,,,,,Other,Yes,Auto mark advance to 2J Zwerver
04-Aug-2026 11:24:00,0.1,50 46.0969n 001 22.5949w,,,,,,,Other,Yes,Auto mark advance to 3B Newtown East
04-Aug-2026 11:26:29,2.5,50 45.8967n 001 22.4809w,,,,,,,Line port,No,Port ping
04-Aug-2026 11:30:36,4.1,50 45.6940n 001 22.1932w,,,,,,,Other,Yes,Auto mark advance to 27 Adam Harding-Domeney
04-Aug-2026 11:31:46,1.2,50 45.7364n 001 22.2976w,,,,,,,Other,Yes,Auto mark advance to 2G Bridgeworks WAN Acceleration
04-Aug-2026 11:34:07,2.4,50 45.7963n 001 22.4412w,,,,,,,Other,Yes,Auto mark advance to RYS FLAGSTAFF
04-Aug-2026 11:42:31,8.4,50 45.9140n 001 22.4248w,,,,,,,Gun,Yes,6.87 below line; 84.9%
04-Aug-2026 13:44:30,122.0,50 50.4407n 001 19.8635w,,,,,,,SART,Yes,EPIRB ACTIVE 974016037EPIRB TEST;974016037;Bearing 027°;Range 6.57nm
04-Aug-2026 13:46:58,2.5,50 50.4407n 001 19.8635w,,,,,,,SART,Yes,EPIRB ACTIVE 974016037EPIRB TEST;974016037;Bearing 025°;Range 6.51nm
04-Aug-2026 13:46:58,0.0,50 50.4407n 001 19.8635w,,,,,,,SART,Yes,EPIRB ACTIVE 974016037T1EE502599EFFBFF;974016037;Bearing 025°;Range 6.51nm
05-Aug-2026 09:47:20,1200.4,50 46.3183n 001 18.1781w,,,,,,,Line starboard,No,
05-Aug-2026 09:47:31,0.2,50 46.0540n 001 18.0741w,,,,,,,Line port,No,
05-Aug-2026 10:27:31,40.0,50 46.3091n 001 18.1303w,,,,,,,Gun,Yes,4.65 below line; 86.7%
05-Aug-2026 11:41:58,74.5,50 45.2108n 001 24.0434w,A2,,,Offshore Main,0,0,,No,This wass the wrong saill for this leg.
05-Aug-2026 12:36:13,54.3,50 44.2251n 001 27.2927w,J3,,,Offshore Main,0,0,,No,White Sails Reach
05-Aug-2026 12:42:01,5.8,50 43.8718n 001 26.1947w,,,,,,,Other,Yes,Auto mark advance to 2K PORT
05-Aug-2026 12:42:24,0.4,50 43.8926n 001 26.1591w,J3,,,Offshore Main,0,0,,No,MAIN DOWN AND UP AS IT BLEW OUT OF THE TRACK - NOT ENOUGH HALYARD
05-Aug-2026 13:17:08,34.7,50 44.3141n 001 28.1596w,A4,,,Offshore Main,0,0,,No,
05-Aug-2026 13:17:14,0.1,50 44.3065n 001 28.1488w,,,,,,,Other,Yes,Auto mark advance to 81 FINISH
05-Aug-2026 13:55:57,38.7,50 46.2720n 001 17.4692w,A4,,,Inshore Main,0,0,,No,End of day. v fun J3, offsh main, a4 final run. No Reef
06-Aug-2026 11:07:41,1271.7,50 46.1827n 001 18.1153w,,,,,,,Gun,Yes,0.39 below line; 95.5%
06-Aug-2026 12:29:30,81.8,50 44.7137n 001 21.9382w,,,,,,,Other,Yes,Auto mark advance to 3C Basher
06-Aug-2026 12:53:29,24.0,50 45.6471n 001 23.1095w,,,,,,,Other,Yes,Auto mark advance to 3D Salt Mead
06-Aug-2026 13:08:55,15.4,50 44.5157n 001 23.0271w,,,,,,,Other,Yes,Auto mark advance to 8J
06-Aug-2026 13:40:09,31.2,50 45.6277n 001 24.0706w,,,,,,,Other,Yes,Auto mark advance to 26 Hamstead Ledge
06-Aug-2026 14:07:37,27.5,50 43.8742n 001 26.1664w,,,,,,,Other,Yes,Auto mark advance to 2J Zwerver
06-Aug-2026 14:35:14,27.6,50 45.1187n 001 27.3326w,,,,,,,Other,Yes,Auto mark advance to 2X Solent Bank
06-Aug-2026 15:56:05,80.8,50 45.6426n 001 17.6697w,J2,,,Inshore Main,0,0,,No,END OF DAY ABOUT15:40. J2 A2, S2, MHO.
06-Aug-2026 15:56:40,0.6,50 45.6425n 001 17.6691w,J2,,,Inshore Main,0,0,,No,INSTRUMENT FAILURE AT MULTIPLE POINTS IN DAY

07-Aug-2026 08:46:08,1009.5, ,,,,,,,Gun,Yes,
07-Aug-2026 13:15:07,269.0,50 46.2812n 001 22.4332w,,,,,,,Line starboard,No,Starboard ping
07-Aug-2026 13:18:54,3.8,50 46.1369n 001 22.2600w,,,,,,,Line port,No,Port ping
07-Aug-2026 13:37:38,18.7,50 46.2996n 001 22.4492w,,,,,,,Gun,Yes,0.63 below line; 62.6%
07-Aug-2026 13:38:15,0.6,50 46.2619n 001 22.4032w,J2,,,Inshore Main,0,0,,No,
07-Aug-2026 14:26:41,48.4,50 44.8769n 001 26.1055w,,,,,,,Other,Yes,Auto mark advance to 3C Basher
07-Aug-2026 14:27:25,0.7,50 44.8283n 001 25.9936w,A2,,,Inshore Main,0,0,,No,first run A2. Felt Bad. 
07-Aug-2026 14:42:09,14.7,50 45.5917n 001 23.1353w,,,,,,,Other,Yes,Auto mark advance to 2R Powder Byrne
07-Aug-2026 14:42:43,0.6,50 45.6507n 001 23.1043w,J2,,,Inshore Main,0,0,,No,
07-Aug-2026 15:10:21,27.6,50 45.6875n 001 25.8862w,J2,,,Inshore Main,0,0,,No,On run into mark leaning on J2

07-Aug-2026 15:12:27,2.1,50 45.4769n 001 25.9157w,,,,,,,Other,Yes,Auto mark advance to 3N MDL Marinas
07-Aug-2026 15:13:10,0.7,50 45.4242n 001 25.8531w,S2,,,Inshore Main,0,0,,No,S2 hoist 2nd Run
07-Aug-2026 18:41:39,208.5,50 45.6052n 001 23.1229w,,,,,,,Other,Yes,Auto mark advance to 2R Powder Byrne
07-Aug-2026 18:44:42,3.0,50 45.4612n 001 25.9122w,,,,,,,Other,Yes,Auto mark advance to 3N MDL Marinas
